Key,en,de
title,Pokémon Type Calculator,Pokémon Typ Rechner
navigation.offense,Offense,Angriff
navigation.defense,Defense,Verteidigung
navigation.pokedex,Pokédex,Pokédex
navigation.more,More,Mehr
offense.chooseTypes,Choose types,Typen auswählen
offense.dealsXTo,Deals {{ x }} to,Fügt {{ x }} Schaden zu
offense.coverage.heading,Pokédex coverage,Pokédex Abdeckung
offense.coverage.edit,Edit list,Editiere Liste
offense.coverage.weakness,Weak,Sehr effektiv
offense.coverage.normal,Normal,Normal effektiv
offense.coverage.resistance,Resist,Nicht sehr effektiv
offense.teraPokemon,Tera Pokémon,Terakristall-Pokémon
offense.coverageList.empty,No Pokémon found or no types selected,Keine Pokémon gefunden oder keine Typen ausgewählt
offense.coverageList.weakness.heading,Weakness coverage list,Schwächen-Abdeckungsliste
offense.coverageList.weakness.description,These Pokémon are weak to at least one of the selected types.,Diese Pokémon sind schwach gegen mindestens einen dieser ausgewählten Typen.
offense.coverageList.normal.heading,Normal effectiveness coverage list,Normal effektiv Abdeckungsliste
offense.coverageList.normal.description,These Pokémon are not in the weakness or resistance lists for the selected types.,Diese Pokémon sind nicht in der Schwäche oder- Resistenzliste für diese ausgewählten Typen.
offense.coverageList.resistance.heading,Resistance coverage list,Resistenzen-Abdeckungsliste
offense.coverageList.resistance.description,These Pokémon are resistant to all of the selected types.,Diese Pokémon sind resistent gegen alle ausgewählten Typen.
coverage.heading,Pokédex coverage,Schwächen-Abdeckung
coverage.paragraph1,"Import/export custom Pokédex CSV files to see coverage for different Pokémon. Create a custom CSV file with just the OU tier Pokémon, or even create your own Pokémon from scratch.","Importiere/exportiere benutzerdefinierte Pokédex-CSV-Dateien, um die Schwächen verschiedener Pokémon zu sehen. Erstelle eine benutzerdefinierte CSV-Datei nur mit OU-Tier-Pokémon oder erstelle sogar deine eigenen Pokémon von Grund auf."
coverage.paragraph2,"CSV data is loaded by column header name, not column order, so you can add or re-order columns if you want (e.g. add a “tier” column, or a “notes” column).","CSV-Daten werden nach dem Namen der Spaltenüberschrift geladen, nicht nach der Reihenfolge der Spalten. Du kannst also nach Belieben Spalten hinzufügen oder neu anordnen (z. B. eine Spalte ""Ebene"" oder eine Spalte ""Notizen"" hinzufügen)."
coverage.paragraph3,"CSV files can be edited with Google Sheets, Microsoft Excel, OpenOffice, LibreOffice, Notepad, and more.","CSV-Dateien können mit Google Sheets, Microsoft Excel, OpenOffice, LibreOffice, Notepad und anderen Programmen bearbeitet werden."
coverage.csvHeaders.number,Number,Nummer
coverage.csvHeaders.name,Name,Name
coverage.csvHeaders.type1,Type 1,Typ 1
coverage.csvHeaders.type2,Type 2,Typ 2
coverage.csvHeaders.type3,Type 3,Typ 3
coverage.export.button,Export,Exportieren
coverage.export.description,Export the default Pokédex to a CSV file,Den Standard-Pokédex in eine CSV-Datei exportieren
coverage.import.button,Import,Importieren
coverage.import.description,Import an edited Pokédex CSV file,Eine bearbeitete Pokédex-CSV-Datei importieren
coverage.reset.button,Reset,Zurücksetzen
coverage.reset.description,Reset to the default Pokédex,Auf den Standard-Pokédex zurücksetzen
coverage.filename,pkmn.help type coverage.csv,pkmn.help Typ coverage.csv
coverage.status.imported,Imported {{ n }} Pokémon forms from “{{ file }}”,"Importierte {{ n }} Pokémon-Formen aus ""{{ Datei }}"""
coverage.status.exported,Exported default Pokémon forms,Exportierte Standard-Pokémon-Formen
coverage.status.reset,Loaded default Pokémon forms,Standard Pokémon-Formen geladen
coverage.status.errored,Error loading CSV. Don't change header names.,Fehler beim Laden von CSV. Ändere keine Kopfzeilennamen.
coverage.back,Back to offense,Zurück zum Angriff
defense.chooseFirst,Choose first type,Ersten Typ wählen
defense.chooseSecond,Choose second type,Zweiten Typ wählen
defense.chooseThird,Choose third type,Dritten Typ wählen
defense.takesXFrom,Takes {{ x }} from,Nimmt {{ x }} Schaden von
defense.chooseAbility,Choose ability,Fähigkeit auswählen
defense.chooseTeraType,Choose tera type,Tera-Typ auswählen
defense.abilityNames.none,None,Keine Fähigkeit
defense.abilityNames.tera_shell,Tera Shell,Tera-Panzer
defense.abilityNames.filter,Filter,Filter
defense.abilityNames.wonder_guard,Wonder Guard,Wunderwache
defense.abilityNames.delta_stream,Delta Stream,Delta-Wind
defense.abilityNames.fluffy,Fluffy,Flauschigkeit
defense.abilityNames.purifying_salt,Purifying Salt,Läutersalz
defense.abilityNames.heatproof,Heatproof,Hitzeschutz
defense.abilityNames.water_bubble,Water Bubble,Wasserblase
defense.abilityNames.thick_fat,Thick Fat,Speckschicht
defense.abilityNames.earth_eater,Earth Eater,Bodenschmaus
defense.abilityNames.levitate,Levitate,Schwebe
defense.abilityNames.flash_fire,Flash Fire,Feuerfänger
defense.abilityNames.well_baked_body,Well-Baked Body,Knusperkruste
defense.abilityNames.dry_skin,Dry Skin,Trockenheit
defense.abilityNames.storm_drain,Storm Drain,Sturmsog
defense.abilityNames.water_absorb,Water Absorb,H2O-Absorber
defense.abilityNames.sap_sipper,Sap Sipper,Vegetarier
defense.abilityNames.lightning_rod,Lightning Rod,Blitzfänger
defense.abilityNames.motor_drive,Motor Drive,Starthilfe
defense.abilityNames.volt_absorb,Volt Absorb,Voltabsorber
defense.mode.heading,Choose mode,Modus auswählen
defense.mode.solo,Solo,Solo
defense.mode.team,Team,Team
defense.team.tableHeading,Matchup counts,Matchups
defense.team.heading,Edit Pokémon team,Editiere Pokémon-Team
defense.team.add,Add Pokémon,Füge Pokémon hinzu
defense.team.empty,No Pokémon selected,Keine Pokémon ausgewählt
defense.team.displayType,Table format,Tabellen-Format
defense.team.weak,Weak,Schwach
defense.team.resist,Resist,Resistenz
defense.team.simple,Simple,Simpel
defense.team.complex,Complex,Komplex
defense.team.type,Type,Typ
defense.team.save,Save,Speichern
defense.team.saveLong,Save {{ name }},Speichere {{ name }}
defense.team.edit,Edit,Editiere
defense.team.editLong,Edit {{ name }},Editiere {{ name }}
defense.team.remove,Remove,Entfernen
defense.team.removeLong,Remove {{ name }},Entferne {{ name }}
pokedex.search.description,"Search by name, number, or types","Suche nach Name, Nummer oder Typen"
pokedex.search.help,Help,Hilfe
pokedex.search.helpLong,"Help, search Pokédex","Hilfe, Pokédex-Suche"
pokedex.search.notFound,No Pokémon found,Keine Pokémon gefunden
pokedex.offense.text,Offense,Angriff
pokedex.defense.text,Defense,Verteidigung
pokedex.cry.text,Cry,Ruf
pokedex.shiny.text,Shiny,Shiny
pokedex.pagination.next,Next,Weiter
pokedex.pagination.nextLong,Next,Weiter
pokedex.pagination.previous,Prev,Zur
pokedex.pagination.previousLong,Previous,Zurück
pokedex.pagination.firstLong,First,Erste
pokedex.pagination.lastLong,Last,Letzte
pokedex.stats.hp,HP,HP
pokedex.stats.hpLong,Hit Points,Kraftpunkte
pokedex.stats.attack,Attack,Ang.
pokedex.stats.attackLong,Attack,Angriff
pokedex.stats.defense,Defense,Vert.
pokedex.stats.defenseLong,Defense,Verteidigung
pokedex.stats.specialAttack,Sp. Atk.,Sp. Ang.
pokedex.stats.specialAttackLong,Special Attack,Spezial-Angriff
pokedex.stats.specialDefense,Sp. Def.,Sp. Vert.
pokedex.stats.specialDefenseLong,Special Defense,Spezial-Verteidigung
pokedex.stats.speed,Speed,Geschw.
pokedex.stats.speedLong,Speed,Geschwindigkeit
pokedex.stats.total,Total,Gesamt
pokedex.stats.totalLong,Total,Gesamt
pokedexHelp.searchByName.heading,Search by name,Suche nach Namen
pokedexHelp.searchByName.description,"You can search for a Pokémon by name. If you only remember part of the Pokémon's name, It can still probably find it for you. It can't deal with typos right now though.","Du kannst nach einem Pokémon anhand seines Namens suchen. Wenn du dich nur an einen Teil des Pokémon-Namens erinnerst, findet es das Pokémon wahrscheinlich trotzdem für dich. Mit Tippfehlern kann es im Moment allerdings nicht umgehen."
pokedexHelp.searchByNumber.heading,Search by number,Suche nach Nummer
pokedexHelp.searchByNumber.description,"Search by national dex number. If you want Bulbasaur, just type 1, not #001.","Suche nach der nationalen Dex-Nummer. Wenn du Bisasam suchst, gib einfach 1 ein, nicht #001."
pokedexHelp.searchByType.heading,Search by type,Suche nach Typ
pokedexHelp.searchByType.description,Here are a few examples of how to seach by type.,Hier sind ein paar Beispiele für die Suche nach Typen.
pokedexHelp.searchExamples.type.query,fire,Feuer
pokedexHelp.searchExamples.type.description,"Search for Pokémon that have a fire as either of their types in any form (e.g. Charmander, Charizard, Rotom).","Suche nach Pokémon, die Feuer als einen ihrer Typen in irgendeiner Form haben (z. B. Glumanda, Glurak, Rotom)."
pokedexHelp.searchExamples.doubleType.query,water flying,Wasser Flug
pokedexHelp.searchExamples.doubleType.description,Search for Pokémon that are either water/flying (e.g. Gyarados) or flying/water (e.g. Cramorant).,"Suche nach Pokémon, die entweder Wasser/Flug (z. B. Garados) oder Flug/Wasser (z. B. Urgl) sind."
pokedexHelp.searchExamples.singleType.query,grass none,Pflanze Kein
pokedexHelp.searchExamples.singleType.description,"Search for Pokémon that are only grass type, no 2nd type (e.g. Tangela, Chikorita, Lilligant).","Suche nach Pokémon, die nur vom Typ Pflanze sind und keinen 2. Typ besitzen (z. B. Tangela, Endivie)."
pokedexHelp.back,Back to Pokédex,Zurück zum Pokédex
more.contact.heading,Contact me,Kontakt
more.contact.intro,"Hi, I'm <homepage>Sage Fennel</homepage> (they/them), and I made Pokémon Type Calculator (pkmn.help).","Hallo, ich bin <homepage>Sage Fennel</homepage> (they/them) und ich habe den Pokémon Type Calculator (pkmn.help) erstellt."
more.contact.email,Please email your thoughts and thank-yous to <email>pkmn@wavebeem.com</email>.,Bitte sende deine Gedanken und Danksagungen an <email>pkmn@wavebeem.com</email>.
more.settings.heading,Settings,Einstellungen
more.settings.language.label,Language,Sprache
more.settings.language.default,Auto detect language,Automatisch Sprache erkennen
more.settings.language.official,Official languages,Offizielle Sprachen
more.settings.language.unofficial,Unofficial languages,Inoffizielle Sprachen
more.settings.language.helpText,"Language support is incomplete. Please email me, I will pay you to translate.",Die Sprachunterstützung ist unvollständig. Nur die Pokémon-Namen werden übersetzt.
more.settings.theme.label,Theme,Thema
more.settings.theme.help,“System default” will change automatically depending on your operating system settings.,"""System Standard"" ändert sich automatisch je nach den Einstellungen Ihres Betriebssystems."
more.settings.theme.values.auto,System default,System Standard
more.settings.theme.values.light,Light,Hell
more.settings.theme.values.dark,Dark,Dunkel
more.settings.typeCount.label,Number of types,Anzahl der Typen
more.settings.typeCount.help,Pokémon can briefly have three types at once if hit with Forests’s Curse or Trick-or-Treat. The third type field is hidden by default since it is rarely used.,"Pokémon können kurzfristig drei Typen auf einmal haben, wenn sie mit Waldesfluch oder Halloween getroffen werden. Das Feld für den dritten Typ ist standardmäßig ausgeblendet, da es selten verwendet wird."
more.settings.typeCount.values.2,Two types (2),Zwei Typen (2)
more.settings.typeCount.values.3,Three types (3),Drei Typen (3)
more.changes.heading,What’s new,Was ist neu
more.changes.description,See what’s new in the <changelog>changelog</changelog>.,Siehe was neu ist im <changelog>changelog</changelog>.
more.help.heading,Help,Hilfe
more.help.serviceWorker.description,This button can help fix issues in the app.,"Diese Schaltfläche kann helfen, Probleme in der Anwendung zu beheben."
more.help.serviceWorker.button,Reset,Zurücksetzen
more.privacy.heading,Privacy,Datenschutz
more.privacy.description,"I will never run ads or steal your personal data. I use <plausible>Plausible Analytics</plausible>, which is self-funded, independent, hosted in the EU, and doesn't store any cookies on your computer.","Ich werde niemals Werbung schalten oder deine persönlichen Daten stehlen. Ich verwende <plausible>Plausible Analytics</plausible>, das sich selbst finanziert, unabhängig ist, in der EU gehostet wird und keine Cookies auf deinem Computer speichert."
more.givingBack.heading,Showing appreciation,Wertschätzung zeigen
more.givingBack.description,"I have spent countless hours improving this site. If you appreciate what I've made, please consider donating to charities that support BIPOC and transgender rights.","Ich habe unzählige Stunden damit verbracht, diese Seite zu verbessern. Wenn du schätzt, was ich gemacht habe, dann ziehe bitte in Betracht, an Wohltätigkeitsorganisationen zu spenden, die BIPOC und Transgender-Rechte unterstützen."
more.thanks.heading,Special thanks,Besonderer Dank
more.thanks.sections.da,Danish translation,Dänische Übersetzung
more.thanks.sections.ru,Russian translation,Russische Übersetzung
more.thanks.sections.kk,Kazakh translation,Kasachische Übersetzung
more.thanks.sections.pt-PT,Portuguese (Portugal) translation,Portugiesische (Portugal) Übersetzung
more.thanks.sections.pt-BR,Portuguese (Brazil) translation,Brasilianische Portugiesische Übersetzung
more.thanks.sections.zh-Hans,Simplified Chinese translation,Vereinfachte Chinesische Übersetzung
more.thanks.sections.zh-Hant,Traditional Chinese translation,Traditionelle Chinesische Übersetzung
more.thanks.sections.ro,Romanian translation,Rumänische Übersetzung
more.thanks.sections.pl,Polish translation,Polnische Übersetzung
more.thanks.sections.fr,French translation,Französische Übersetzung
more.thanks.sections.de,German translation,Deutsche Übersetzung
more.thanks.sections.it,Italian translation,Italienische Übersetzung
more.thanks.sections.ko,Korean translation,Koreanische Übersetzung
more.thanks.sections.ja,Japanese translation,Japanische Übersetzung
more.thanks.sections.nl,Dutch translation,Niederländische Übersetzung
more.thanks.sections.testing,Testing,Testen
more.thanks.sections.other,Several anonymous Poké Fans,Mehrere anonyme Poké-Fans
more.openSource.heading,Open source,Offener Quellcode
more.openSource.description,Source code is available on <github>GitHub</github>.,Der Quellcode ist auf <github>GitHub</github> verfügbar.
more.legalInfo.heading,Legal info,Rechtliche Hinweise.
types.normal,Normal,Normal
types.fighting,Fighting,Kampf
types.flying,Flying,Flug
types.poison,Poison,Gift
types.ground,Ground,Boden
types.rock,Rock,Gestein
types.bug,Bug,Käfer
types.ghost,Ghost,Geist
types.steel,Steel,Stahl
types.fire,Fire,Feuer
types.water,Water,Wasser
types.grass,Grass,Pflanze
types.electric,Electric,Elektro
types.psychic,Psychic,Psycho
types.ice,Ice,Eis
types.dragon,Dragon,Drache
types.dark,Dark,Unlicht
types.fairy,Fairy,Fee
types.stellar,Stellar,Stellar
types.none,None,Kein
banners.updateReady.description,An update is available,Ein Update ist verfügbar
banners.updateReady.whatsNew,What’s new,Was ist neu
banners.updateReady.update,Update,Aktualisierung
general.loading,Loading…,Laden...
general.copyLink,Copy link,Link kopieren
games.label,Game generation,Spielgeneration
games.help,Use type effectiveness from different game generations.,Verwende die Schwächen und Stärken von anderen Spielgenerationen.
games.byID.gen1,Generation 1,Generation 1
games.byID.gen2,Generation 2–5,Generation 2–5
games.byID.default,Default (generation 6+),Standard (Generation 6+)